{"stats":{"minecraft:mined":{"croptopia:starfruit_crop":1,"minecraft:brown_mushroom":5,"croptopia:orange_crop":2,"minecraft:crafting_table":6,"minecraft:torch":1,"minecraft:grass_block":31,"croptopia:lemon_crop":6,"minecraft:cobblestone":1,"minecraft:spruce_leaves":8,"frostiful:icicle":11,"techreborn:rubber_leaves":1,"minecraft:furnace":1,"minecraft:birch_log":4,"farmersdelight:cutting_board":1,"minecraft:snow":15,"minecraft:spruce_log":9,"minecraft:birch_leaves":3,"minecraft:dirt":17,"minecraft:packed_ice":2,"minecraft:bamboo":1,"minecraft:stone":55,"minecraft:white_wool":1,"techreborn:rubber_log":2},"minecraft:dropped":{"minecraft:string":1},"minecraft:used":{"minecraft:stone_pickaxe":63,"minecraft:stone_shovel":51,"minecraft:wooden_pickaxe":7,"minecraft:white_wool":1,"minecraft:torch":1,"minecraft:crafting_table":6,"minecraft:carrot":2,"minecraft:snowball":1,"croptopia:orange":4,"scorchful:water_skin":9,"minecraft:stone_axe":46,"farmersdelight:cutting_board":1,"minecraft:furnace":1,"comforts:sleeping_bag_white":1},"minecraft:killed_by":{"minecraft:creeper":1},"minecraft:picked_up":{"minecraft:birch_log":16,"minecraft:pink_petals":6,"minecraft:crafting_table":6,"minecraft:leather":7,"minecraft:brown_mushroom":5,"minecraft:oak_log":20,"farmersdelight:cutting_board":1,"minecraft:string":3,"minecraft:dirt":64,"comforts:sleeping_bag_white":1,"minecraft:beef":7,"minecraft:iron_ingot":1,"techreborn:rubber_log":6,"minecraft:bamboo":6,"minecraft:birch_sapling":3,"minecraft:furnace":1,"knightlib:small_essence":1,"minecraft:stick":17,"minecraft:raw_iron":17,"croptopia:starfruit":2,"minecraft:torch":1,"minecraft:porkchop":5,"minecraft:cherry_log":19,"minecraft:spruce_sapling":5,"minecraft:carrot":2,"minecraft:spruce_log":36,"techreborn:rubber_sapling":1,"croptopia:lemon":8,"minecraft:rotten_flesh":2,"minecraft:diamond":1,"croptopia:orange":4,"minecraft:cherry_sapling":8,"minecraft:oak_sapling":8,"frostiful:icicle":17,"minecraft:mutton":8,"minecraft:coal":12,"minecraft:snowball":25,"minecraft:white_wool":5,"minecraft:cobblestone":56},"minecraft:broken":{"minecraft:stone_axe":1},"minecraft:custom":{"minecraft:interact_with_furnace":13,"minecraft:mob_kills":12,"minecraft:interact_with_crafting_table":17,"minecraft:leave_game":2,"minecraft:time_since_death":15926,"minecraft:sleep_in_bed":1,"minecraft:time_since_rest":13605,"minecraft:sprint_one_cm":81066,"minecraft:damage_taken":449,"minecraft:walk_one_cm":92544,"minecraft:drop":1,"minecraft:damage_dealt":1597,"minecraft:swim_one_cm":3187,"minecraft:fly_one_cm":46353,"minecraft:open_chest":4,"minecraft:crouch_one_cm":554,"minecraft:play_time":37015,"minecraft:deaths":2,"minecraft:sneak_time":1385,"minecraft:walk_under_water_one_cm":362,"minecraft:jump":397,"minecraft:walk_on_water_one_cm":610,"minecraft:total_world_time":37015,"minecraft:fall_one_cm":11700},"minecraft:killed":{"minecraft:pig":2,"minecraft:sheep":4,"minecraft:zombie":2,"minecraft:cow":4},"minecraft:crafted":{"minecraft:stone_shovel":1,"minecraft:crafting_table":1,"minecraft:spruce_planks":44,"comforts:sleeping_bag_white":1,"minecraft:wooden_pickaxe":1,"minecraft:furnace":1,"minecraft:campfire":1,"minecraft:stone_axe":2,"minecraft:air":0,"farmersdelight:cutting_board":1,"scorchful:water_skin":1,"minecraft:charcoal":22,"minecraft:stick":8,"minecraft:stone_pickaxe":1,"minecraft:chest":1,"packedup:basicbackpack":1,"minecraft:torch":4,"minecraft:shears":1}},"DataVersion":3953}